Series Name,Series Code,Country Name,Country Code,1990 [YR1990],2000 [YR2000],2012 [YR2012],2013 [YR2013],2014 [YR2014],2015 [YR2015],2016 [YR2016],2017 [YR2017],2018 [YR2018],2019 [YR2019],2020 [YR2020],2021 [YR2021]
PIB per cápita (US$ a precios actuales),NY.GDP.PCAP.CD,,AFE,724.753274587965,713.24592105476893,1736.1665598630466,1713.899298661835,1703.5962983888485,1549.0379403764218,1431.7787234041966,1573.0633858100093,1574.978647753167,1530.0591765509373,1359.6182241852578,..
PIB per cápita (US$ a precios actuales),NY.GDP.PCAP.CD,,AFW,594.72600919977037,525.4503429234428,1965.1184848087332,2157.4811486297413,2212.8531346630671,1894.3101949536019,1673.8355268546352,1613.4735530342891,1704.1396025898996,1777.9186715263372,1710.0733633562668,..
PIB per cápita (US$ a precios actuales),NY.GDP.PCAP.CD,El mundo árabe,ARB,2796.6999767796792,2890.2276736306826,7378.2318898029716,7373.2016784286534,7300.0302194305241,6220.7166360023111,5969.61659266763,5987.3419570747965,6504.1484927502734,6489.0432159631673,5612.6865695278229,..
PIB per cápita (US$ a precios actuales),NY.GDP.PCAP.CD,Estados pequeos del Caribe,CSS,2997.3195630245823,5253.4420832139476,10187.301392944979,10296.5275947938,10381.475531393007,10141.415393820129,9574.221486119166,9800.9658864734483,10234.211179124379,10291.807319024076,8873.5219288372919,..
PIB per cápita (US$ a precios actuales),NY.GDP.PCAP.CD,Europa Central y del Báltico,CEB,2314.6887812076461,3949.4319704606623,13020.743817385441,13718.183999152439,14164.074448906045,12522.661057036314,12831.409936811238,14254.738101900724,16047.27969992149,16346.561805639598,16180.967920213621,..
PIB per cápita (US$ a precios actuales),NY.GDP.PCAP.CD,inicial del dividendo demográfico,EAR,909.57569389142043,1367.8277028937264,3371.75928115066,3375.2466991230813,3443.0187215838896,3229.2990114766162,3257.3919152248059,3473.4628607270974,3452.3785846558771,3503.4397328542746,3201.6542612039011,..
PIB per cápita (US$ a precios actuales),NY.GDP.PCAP.CD,Asia oriental y el Pacífico,EAS,2599.8158312122737,4089.23780527948,9432.5131499249037,9463.4869731702,9686.8835046614186,9579.4743713549215,9845.9141746703281,10442.859498697962,11297.706047417247,11477.761048769162,11477.491728373769,..
PIB per cápita (US$ a precios actuales),NY.GDP.PCAP.CD,Asia oriental y el Pacífico (excluido altos ingresos),EAP,415.71915000794809,954.90177779509065,5365.2371770916407,5870.7913581499106,6277.7334933909478,6488.6669682598185,6575.5141203430021,7131.63134907767,7924.2343008457392,8145.345437248805,8254.6708710242838,..
PIB per cápita (US$ a precios actuales),NY.GDP.PCAP.CD,Asia oriental y el Pacífico (BIRF y la AIF),TEA,420.45228147647839,965.756345421682,5425.766592523878,5936.8057647185615,6348.1097547024829,6561.1910058679805,6648.812448154531,7210.9169943835823,8012.1497104958371,8235.5836767818728,8346.0388104579415,..
PIB per cápita (US$ a precios actuales),NY.GDP.PCAP.CD,Zona del Euro,EMU,18893.008030376335,20215.634044693576,37595.877091729162,39120.333344785031,39912.442318902242,34388.283781677783,35163.628780486215,37153.650334129386,40057.690748844194,39188.490790038493,37994.5479627092,..
PIB per cápita (US$ a precios actuales),NY.GDP.PCAP.CD,Europa y Asia central,ECS,10519.265028217627,11683.483765567296,25132.477297911682,26147.643556087944,26388.161511991471,22624.86511217503,22455.0718373821,23704.238013662391,25297.600676014561,24906.40229442585,23963.336340770355,..
PIB per cápita (US$ a precios actuales),NY.GDP.PCAP.CD,Europa y Asia central (excluido altos ingresos),ECA,2401.6343069050713,1787.9284193605706,10149.012975098112,10717.66035843039,9927.5582774142986,7557.4996953273412,7189.2864598437,8026.77331662083,8213.3600661872733,8343.5504311051773,7668.9956402278231,..
PIB per cápita (US$ a precios actuales),NY.GDP.PCAP.CD,Europa y Asia central (BIRF y la AIF),TEC,2366.8539008130197,2059.0621351876766,10432.471272776149,11000.655663858386,10330.791925470985,8019.8938455648049,7677.4004687813558,8562.5074004124072,8876.1539640287356,9013.79564853992,8388.7895697329714,..
PIB per cápita (US$ a precios actuales),NY.GDP.PCAP.CD,Unión Europea,EUU,15454.962986443008,16947.624856575232,33158.892143728823,34578.051928053639,35286.117377877163,30485.028806720286,31186.63011366759,33093.7723841644,35752.22537873203,35083.707615340965,34173.487262893563,..
PIB per cápita (US$ a precios actuales),NY.GDP.PCAP.CD,Frágiles y situaciones de conflicto afectados,FCS,1023.1433275638797,875.75382309749114,2249.2968163178211,2281.1409268820703,2414.4182065127334,1878.7134076663174,1656.7359708581805,1657.3409253211357,1770.2310580957155,1828.6493376882195,1622.1912383606852,..
PIB per cápita (US$ a precios actuales),NY.GDP.PCAP.CD,Países pobres muy endeudados (PPME),HPC,394.10553881446555,373.99404051663186,877.22978106763094,957.30262988486811,984.871839586312,919.2472642775931,905.34377105625106,948.73899830387393,984.8605238113887,985.186283834948,968.69049980590592,..
PIB per cápita (US$ a precios actuales),NY.GDP.PCAP.CD,Ingreso alto,HIC,18902.332500502118,25777.489743279992,42142.99677323275,42403.843824080774,43081.219202129934,40478.267357656667,41119.299269599185,42780.59124783954,45246.899691020757,45459.903821335982,43934.548697209415,..
PIB per cápita (US$ a precios actuales),NY.GDP.PCAP.CD,Sólo BIRF,IBD,1022.9697031097855,1467.3577347836731,5574.1137225534858,5827.1016288950113,5963.1506006350155,5534.6785662404172,5526.6538848858463,6042.9814925971668,6366.562672848323,6461.3345446003023,6149.4628861146693,..
PIB per cápita (US$ a precios actuales),NY.GDP.PCAP.CD,BIRF y la AIF,IBT,905.74940670604974,1260.6925592589523,4532.1691927411357,4733.5634752058613,4841.1219099386026,4494.16437544161,4461.2465300474605,4840.4653315496889,5080.8757485764881,5144.345337562544,4891.147627245804,..
PIB per cápita (US$ a precios actuales),NY.GDP.PCAP.CD,mezcla de la AIF,IDB,525.31773317348893,573.904410563912,1882.6058610737794,1997.3686045597769,2093.658472477448,1972.0770868691773,1795.2124506445939,1723.1648862087063,1759.4963646831163,1777.8510688371362,1674.9178706588521,..
PIB per cápita (US$ a precios actuales),NY.GDP.PCAP.CD,Sólo AIF,IDX,362.56368487302638,459.53719012308625,910.29996823113788,970.94169776296735,1013.4902069186564,990.84573940927817,979.68754478120923,1037.6895868034715,1088.0724738451333,1118.8539565354492,1126.9294325336621,..
PIB per cápita (US$ a precios actuales),NY.GDP.PCAP.CD,total de la AIF,IDA,417.02198734709168,496.81874612024689,1235.8922170823607,1315.0194533943591,1375.9443512287041,1320.3670910427943,1253.7144362100867,1268.0899534919906,1313.7741200428454,1340.3634594287525,1310.6728168064417,..
PIB per cápita (US$ a precios actuales),NY.GDP.PCAP.CD,avanzada del dividendo demográfico,LTE,1056.1006990072797,1663.9571067819827,7966.7723686830141,8525.57071034087,8790.0162965864147,8188.3336290415937,8156.9230897151483,8993.1530766889227,9805.6857510918617,9945.1726122284217,9683.4940938734944,..
PIB per cápita (US$ a precios actuales),NY.GDP.PCAP.CD,América Latina y el Caribe,LCN,2506.9495347508555,4399.8350645249611,10198.047992185204,10340.076073759026,10433.364826213168,8630.8556902006549,8352.0562227261362,9188.21002991857,8905.5779864442175,8705.1053153670873,7243.67177653924,..
PIB per cápita (US$ a precios actuales),NY.GDP.PCAP.CD,América Latina y el Caribe (excluido altos ingresos),LAC,2424.6810030392508,4198.20630788877,9674.2311559649188,9829.893488591697,9776.346542866062,8240.8145011321121,7930.9019148795633,8744.9951715763546,8408.1746981331835,8226.2363242677911,6779.1997172648562,..
PIB per cápita (US$ a precios actuales),NY.GDP.PCAP.CD,América Latina y el Caribe (BIRF y la AIF),TLA,2432.3316639013665,4312.3563926875531,10123.5750856337,10262.038647559966,10350.593672177385,8482.30122131137,8186.7881346778686,9037.2215489231457,8743.5278832425774,8525.4218605454862,7035.753074884492,..
PIB per cápita (US$ a precios actuales),NY.GDP.PCAP.CD,Países menos desarrollados: clasificación de las Naciones Unidas,LDC,315.31130965015461,330.96050246031461,929.6413917508462,995.08993081700464,1047.4647749607911,1004.8776182397792,971.2206042716108,1039.0059412750788,1052.4096853899121,1070.9899646601148,1053.2248333768916,..
PIB per cápita (US$ a precios actuales),NY.GDP.PCAP.CD,Ingreso mediano y bajo,LMY,881.81714939353151,1196.8784688106145,4372.9302287638484,4573.9890210947387,4666.5415398123851,4371.2867485579127,4339.347951110537,4705.5964063795282,4933.1372908576113,4999.9852761407783,4754.842938174379,..
PIB per cápita (US$ a precios actuales),NY.GDP.PCAP.CD,Países de ingreso bajo,LIC,381.43241973757563,486.81008246990973,710.35431455170612,712.42309394272968,744.42997666589361,715.93374009046886,646.10463608932218,665.30245405067978,674.35060305645084,692.1752811848894,691.16833276834484,..
PIB per cápita (US$ a precios actuales),NY.GDP.PCAP.CD,Países de ingreso mediano bajo,LMC,521.22354230920166,616.518060042087,2098.9344160414448,2105.3101539148461,2157.0879888038839,2081.0185354203863,2139.5395327503834,2268.4241674456766,2267.5468483044983,2354.5787245851116,2217.2226727687334,..
PIB per cápita (US$ a precios actuales),NY.GDP.PCAP.CD,Oriente Medio y Norte de África,MEA,3150.5252726421295,3318.57082000142,8850.06424820767,8558.3451879237546,8433.7223768913445,7269.4959164408847,7161.033137064037,7309.1427203900721,7502.1767883834682,7458.022736494032,6534.5609444447737,..
PIB per cápita (US$ a precios actuales),NY.GDP.PCAP.CD,Oriente Medio y Norte de África (excluido altos ingresos),MNA,2241.4125143260012,1904.9499765220949,4927.3819036128061,4474.4037112760043,4327.5372969378241,3807.5806026194409,3791.3026224359051,3676.9313429214917,3447.4441850861226,3449.765626317384,3018.4336546504846,..
PIB per cápita (US$ a precios actuales),NY.GDP.PCAP.CD,Oriente Medio y Norte de África (BIRF y la AIF),TMN,2240.9995810838473,1909.4837976254228,4949.0891471820623,4488.013017146759,4339.0545167116825,3813.9366903062282,3794.4495681661774,3677.608551579588,3446.0569046906667,3447.243891381,3015.7035507997111,..
PIB per cápita (US$ a precios actuales),NY.GDP.PCAP.CD,Ingreso mediano,MIC,919.12654064003027,1257.4702137245747,4743.40423842713,4969.7013629109415,5074.0198563644126,4756.477458314891,4733.8513532772322,5143.3224741972017,5401.5034943753426,5481.3737581515043,5216.9709088607879,..
PIB per cápita (US$ a precios actuales),NY.GDP.PCAP.CD,América del Norte,NAC,23645.614314815881,35155.795637666663,51717.7870077981,53068.032546246592,54648.019342070074,55542.966072881754,56451.517500590111,58605.353850721214,61391.285624090458,63341.624269966494,61161.1535393008,..
PIB per cápita (US$ a precios actuales),NY.GDP.PCAP.CD,No clasificado,INX,..,..,..,..,..,..,..,..,..,..,..,..
PIB per cápita (US$ a precios actuales),NY.GDP.PCAP.CD,Miembros OCDE,OED,16978.030003021206,23008.3209166241,37174.076816218694,37434.190684408255,37976.150768036212,35616.018771142044,36078.12546796682,37430.394607599985,39378.37568521683,39550.7827571256,38168.063720744009,..
PIB per cápita (US$ a precios actuales),NY.GDP.PCAP.CD,Otros Estados pequeos,OSS,3122.9009467633996,4370.0881796912745,15212.765219424045,15552.950774084989,15732.167886547979,12779.536847653568,12384.95053515258,13203.724558091219,14354.930736280015,13799.605614874077,11771.209202281882,..
PIB per cápita (US$ a precios actuales),NY.GDP.PCAP.CD,Estados pequeos de las Islas del Pacfico,PSS,1387.6596451279581,1755.41808167749,3608.8224358517332,3702.165910496914,3970.7356350901923,3832.1845521079845,3963.6923725489564,4220.2565612368562,4340.0207436531273,4270.4110635243,3768.5433573464611,..
PIB per cápita (US$ a precios actuales),NY.GDP.PCAP.CD,posterior al dividendo demográfico,PST,19058.027978283706,25865.88817985541,42256.07277527629,42493.011090195323,43175.319445255904,40698.460156954694,41449.846961940326,43060.58625725867,45499.456167295837,45816.808344488963,44400.308537899655,..
PIB per cápita (US$ a precios actuales),NY.GDP.PCAP.CD,previa al dividendo demográfico,PRE,896.98732306241027,504.0338004482374,1684.4188704517449,1798.1698903472477,1838.7078823150207,1558.66068722911,1385.7849184189486,1407.0969291578729,1462.3741805545073,1489.822322707676,1332.0492112459312,..
PIB per cápita (US$ a precios actuales),NY.GDP.PCAP.CD,Pequeños Estados,SST,2973.4384308470753,4390.9266356692242,13520.941777383228,13815.777782135621,13996.596168447169,11738.351382523613,11351.14256943659,12034.601426193256,13001.525642073453,12594.690018638121,10773.544027193686,..
PIB per cápita (US$ a precios actuales),NY.GDP.PCAP.CD,Asia meridional,SAS,359.23166942006247,453.23760409734376,1366.0594252826627,1383.3169085385414,1496.0149957046251,1543.0481307213986,1652.2518008192276,1867.4439679331722,1894.0088835740553,1959.5258447915628,1823.7129116295528,..
PIB per cápita (US$ a precios actuales),NY.GDP.PCAP.CD,Asia meridional (BIRF y la AIF),TSA,359.23166942006247,453.23760409734376,1366.0594252826627,1383.3169085385414,1496.0149957046251,1543.0481307213986,1652.2518008192276,1867.4439679331722,1894.0088835740553,1959.5258447915628,1823.7129116295528,..
PIB per cápita (US$ a precios actuales),NY.GDP.PCAP.CD,África al sur del Sahara,SSF,670.98645801000555,635.90895363947584,1828.3055774263773,1892.8476357762772,1909.0332284984945,1688.3272514601565,1529.4392563650249,1589.3700132899157,1627.1103599195328,1630.127377862816,1501.1529211467648,..
PIB per cápita (US$ a precios actuales),NY.GDP.PCAP.CD,África al sur del Sahara (excluido altos ingresos),SSA,670.35218076976514,635.055924463374,1827.3266535479654,1891.6196826079033,1907.8270768938205,1687.1017983713632,1528.1855352617436,1588.0597044435094,1625.820971148245,1628.8411270646127,1500.3499974271938,..
PIB per cápita (US$ a precios actuales),NY.GDP.PCAP.CD,África al sur del Sahara (BIRF y la AIF),TSS,670.98645801000532,635.90895363947584,1828.305577426378,1892.8476357762761,1909.0332284984945,1688.3272514601563,1529.4392563650247,1589.3700132899155,1627.1103599195333,1630.1273778628158,1501.1529211467653,..
PIB per cápita (US$ a precios actuales),NY.GDP.PCAP.CD,Ingreso mediano alto,UMC,1331.2154858800379,1975.3278102261527,8035.98111800812,8559.8512395648722,8754.5374570617987,8155.8818021731295,8053.1678841743051,8846.47638579569,9468.9329833438314,9572.8727866279223,9177.8918271444527,..
PIB per cápita (US$ a precios actuales),NY.GDP.PCAP.CD,Mundo,WLD,4306.6754732084546,5533.2266714670259,10623.339875391226,10792.728532275474,10958.029100867172,10223.247929215477,10266.023304894041,10802.321862571078,11348.248606860614,11396.988473463529,10916.080833854603,..
PIB per cápita (US$ a precios actuales),NY.GDP.PCAP.CD,Afganistán,AFG,..,..,638.84585160728932,624.315454506615,614.2233423603916,556.00722086144322,512.01277812935655,516.67986221054309,485.66841872980785,494.17934988602889,516.74787080755777,..
PIB per cápita (US$ a precios actuales),NY.GDP.PCAP.CD,Albania,ALB,617.23043551550541,1126.6833401071663,4247.6300474819427,4413.0620052890326,4578.6332081215487,3952.8025380752738,4124.05538986272,4531.0193737688978,5287.6636944691336,5395.6595318537547,5246.0963456098907,..
PIB per cápita (US$ a precios actuales),NY.GDP.PCAP.CD,Argelia,DZA,2408.8229852320751,1765.0271461160066,5592.220114657528,5499.5873310533379,5493.05669453687,4177.8895415169045,3946.4524471253653,4109.698216957273,4142.0185584291658,3989.6682764523566,3306.8582083810356,..
PIB per cápita (US$ a precios actuales),NY.GDP.PCAP.CD,Samoa Americana,ASM,..,..,11496.524097792308,11450.724195487912,11525.156387230916,12059.635164677633,12038.249699492277,11003.829764280705,11521.609779845297,11715.360138848713,12844.900990995888,..
PIB per cápita (US$ a precios actuales),NY.GDP.PCAP.CD,Andorra,AND,18878.852313064308,21854.246803061382,38686.46126350751,39540.724813746063,41303.929371446415,35770.776704408534,37475.63505875261,38964.90447826498,41791.969837241115,40897.330872866914,..,..
PIB per cápita (US$ a precios actuales),NY.GDP.PCAP.CD,Angola,AGO,947.70426207130879,556.83863167492666,5100.09702685927,5254.88112606683,5408.4117000208216,4166.97983330278,3506.0731281883218,4095.8100568706991,3289.6439947667841,2809.6260883912914,1776.1668678953081,..
PIB per cápita (US$ a precios actuales),NY.GDP.PCAP.CD,Antigua y Barbuda,ATG,7347.6463686432817,10872.292951575122,13272.734944729369,12910.59062559445,13501.58092233674,14285.329777309129,15198.742966411184,15383.576397985618,16679.591662454503,17376.649676500369,13992.744480449732,..
PIB per cápita (US$ a precios actuales),NY.GDP.PCAP.CD,Argentina,ARG,4333.4833716802523,7708.0991145404078,13082.664325571988,13080.254732336658,12334.798245389289,13789.060424772022,12790.242473244707,14613.041824657957,11795.159386628686,10056.637940264993,8579.017773156831,..
PIB per cápita (US$ a precios actuales),NY.GDP.PCAP.CD,Armenia,ARM,637.85592120941021,622.74092294528066,3681.8446906049526,3838.1738799778586,3986.2316237671262,3607.2892985536109,3591.8280522163859,3914.5278543669579,4220.5403207914524,4604.6463235569481,4266.0180742094572,..
PIB per cápita (US$ a precios actuales),NY.GDP.PCAP.CD,Aruba,ABW,12306.71767914928,20617.750467352809,24712.493262890654,26441.61993573781,26893.011505658083,28396.908422861645,28452.170614679635,29350.805018913692,30253.27935801951,..,..,..
PIB per cápita (US$ a precios actuales),NY.GDP.PCAP.CD,Australia,AUS,18243.471418367164,21697.708479773104,68027.84170673776,68156.627916208527,62511.690589528385,56707.02207721163,49881.763714046559,53934.250175046269,57180.779400161351,54875.285956335065,51680.316522943845,..
PIB per cápita (US$ a precios actuales),NY.GDP.PCAP.CD,Austria,AUT,21680.989623313002,24625.600722743384,48564.917335087463,50731.127254184663,51786.37717479049,44195.817594774824,45307.587862042943,47429.15845643865,51486.575501482417,50114.401109972823,48588.6593847921,..
PIB per cápita (US$ a precios actuales),NY.GDP.PCAP.CD,Azerbaiyán,AZE,..,655.11994517081644,7496.2946476826328,7875.756952542878,7891.313147499859,5500.31038244408,3880.7387308955604,4147.0897156917072,4739.8417102839276,4805.7537176591732,4221.4074784784843,..
PIB per cápita (US$ a precios actuales),NY.GDP.PCAP.CD,Bahamas,BHS,12356.230998294481,27098.156318676709,29485.864222827924,28583.023297617947,30065.160202360876,31776.05558524853,31732.919139613095,32376.509172257163,33290.02813541302,33799.417694089134,25194.025144438114,..
PIB per cápita (US$ a precios actuales),NY.GDP.PCAP.CD,Bahrein,BHR,8529.052126709279,13636.416749928849,23654.36958774953,24744.296958551015,24989.437527708029,22634.085647567445,22608.452562367271,23742.937342415873,24085.955988096037,23551.93008574039,20409.952804773118,..
PIB per cápita (US$ a precios actuales),NY.GDP.PCAP.CD,Bangladesh,BGD,306.26870084047158,418.06894211203792,883.11712961571823,981.860851354457,1118.8738078336823,1248.4533098961294,1401.5646351317941,1563.7678186182645,1698.1320807871175,1855.7400942231857,1961.6137487886015,..
PIB per cápita (US$ a precios actuales),NY.GDP.PCAP.CD,Barbados,BRB,7711.2954561762781,11268.42006401214,16249.673949058506,16451.279309447262,16489.072237338718,16524.899501273976,16900.048285852245,17391.668908461408,17745.2553725928,18148.497845105412,15373.854703501745,..
PIB per cápita (US$ a precios actuales),NY.GDP.PCAP.CD,Belarús,BLR,2124.7679439351764,1276.2880340999959,6953.1325149368377,7998.1252387809864,8341.399678610931,5967.052203849139,5039.6818862849905,5785.6706725406821,6360.0624730128375,6837.7178260635119,6424.1521764272229,..
PIB per cápita (US$ a precios actuales),NY.GDP.PCAP.CD,Bélgica,BEL,20600.375278982698,23098.886507740139,44670.560684510063,46757.951855959756,47764.071512083283,41008.296719471982,42012.622719101564,44198.4823908691,47542.769516306806,46591.491606739604,45205.335940805133,..
PIB per cápita (US$ a precios actuales),NY.GDP.PCAP.CD,Belice,BLZ,2197.1615934193696,3364.4917310258379,4505.6005931298723,4568.6412279911456,4718.4365812235474,4770.2326556388844,4856.973248531117,4945.8576986722637,5001.4221566343313,5078.809944417716,4115.1770079562193,..
PIB per cápita (US$ a precios actuales),NY.GDP.PCAP.CD,Benin,BEN,393.68676796567996,512.673901962619,1145.1401047947709,1251.2097674537858,1291.410184805786,1076.7966978558513,1087.2873314854749,1136.5938717844781,1241.825298009576,1219.515505969046,1291.0409721544083,..
PIB per cápita (US$ a precios actuales),NY.GDP.PCAP.CD,Bermudas,BMU,26841.519738394632,56284.16864780942,98431.8651810241,99471.638897863115,98467.683993982,102005.62564189034,106885.87848932676,111820.58146634728,113023.18559426775,117098.44632547369,107079.47983662739,..
PIB per cápita (US$ a precios actuales),NY.GDP.PCAP.CD,Bhután,BTN,541.93225710575,718.19633696941412,2538.9495191996439,2472.7247532059514,2652.2256543802264,2752.6301723367751,2930.5749227006022,3286.5967437668182,3243.477437487184,3322.8633287193356,3000.7793270297607,..
PIB per cápita (US$ a precios actuales),NY.GDP.PCAP.CD,Bolivia,BOL,709.05998235458731,997.58174887438747,2609.8805621779952,2908.2003704458039,3081.8788232141278,3035.9716548978554,3076.6564398936675,3351.1243438412539,3548.5907802137658,3552.0681432150168,3133.0998032150396,..
PIB per cápita (US$ a precios actuales),NY.GDP.PCAP.CD,Bosnia y Herzegovina,BIH,..,1484.1760555388651,4777.066913749075,5129.6635340306957,5330.3550749575579,4729.6899590538178,4994.9715509344378,5394.2689439138248,6070.3490812929158,6119.76234462222,6079.7382854483794,..
PIB per cápita (US$ a precios actuales),NY.GDP.PCAP.CD,Botswana,BWA,2945.8320395380147,3522.3108214570952,7050.5734718668118,7224.9127372856374,7495.2208660880478,6402.910183383914,6982.9174924130266,7296.0921415700759,7503.8785883645951,7203.0642212299763,6404.8999315907367,..
PIB per cápita (US$ a precios actuales),NY.GDP.PCAP.CD,Brasil,BRA,2622.2628805709787,3749.9108475288826,12370.223254847639,12300.386712100415,12112.834955487546,8813.9898064782828,8710.0632899535212,9928.67589653405,9151.3817316153563,8897.55296585529,6796.8445422787727,..
PIB per cápita (US$ a precios actuales),NY.GDP.PCAP.CD,Islas Vírgenes Británicas,VGB,..,..,..,..,..,..,..,..,..,..,..,..
PIB per cápita (US$ a precios actuales),NY.GDP.PCAP.CD,Brunei Darussalam,BRN,13607.890273189432,18012.502194895344,47739.557693156305,44740.85942443549,41725.8675220155,31164.036252846759,27158.405653572412,28571.608291419005,31628.476256600865,31085.961925590083,27442.953827939971,..
PIB per cápita (US$ a precios actuales),NY.GDP.PCAP.CD,Bulgaria,BGR,2366.5298212861385,1621.2429608024684,7432.4787656807111,7681.9346199588153,7901.7858763938166,7074.6810232505932,7569.4788147675945,8366.2932214574757,9446.7007718551849,9879.26853313318,10079.203381220315,..
PIB per cápita (US$ a precios actuales),NY.GDP.PCAP.CD,Burkina Faso,BFA,351.97923352178071,255.71868725731943,758.000426972403,787.46943830908481,792.84623742526992,653.32726813946965,688.25069625819663,734.99626796052837,804.50053782151565,796.11520682767571,857.93272965022311,..
PIB per cápita (US$ a precios actuales),NY.GDP.PCAP.CD,Burundi,BDI,208.14667889906409,136.46397080034015,252.35887068283111,256.97565263089609,274.85783623178816,305.54965250265747,260.56522079626973,253.82635406389485,238.78346702017285,228.21358924422691,238.99072585649617,..
PIB per cápita (US$ a precios actuales),NY.GDP.PCAP.CD,Cabo Verde,CPV,908.08812841442011,1259.353067244022,3447.4831000738709,3616.0355696893239,3588.6255841840662,3043.0313815681075,3130.9987534063594,3289.9022026128091,3616.464537497126,3603.775240584625,3064.272388428195,..
PIB per cápita (US$ a precios actuales),NY.GDP.PCAP.CD,Camboya,KHM,..,300.61367901046236,950.880345993697,1013.4205355013543,1093.495975739083,1162.9049948940224,1269.5914989524636,1385.2600661611427,1512.1269888938416,1643.1213887653946,1543.6692575728162,..
PIB per cápita (US$ a precios actuales),NY.GDP.PCAP.CD,Camerún,CMR,1045.3643619484403,681.10204296120082,1403.522915217829,1527.7512566795381,1604.21403479187,1382.5097900241033,1413.2559568152969,1469.4474998072417,1585.2405344554604,1533.0956880778929,1537.1302183277348,..
PIB per cápita (US$ a precios actuales),NY.GDP.PCAP.CD,Canadá,CAN,21448.36196000567,24271.002056382138,52669.089963231643,52635.174958043252,50955.998323240412,43596.135536554619,42315.603705680587,45129.429298092233,46548.638410829553,46328.6718408497,43258.26387156015,..
PIB per cápita (US$ a precios actuales),NY.GDP.PCAP.CD,Islas Caimán,CYM,..,..,72777.148489056766,73514.6686831216,74990.433222377527,76284.193928635927,78471.628731526085,81513.163022497669,86059.739216845352,91392.642587516646,85082.526855547752,..
PIB per cápita (US$ a precios actuales),NY.GDP.PCAP.CD,República Centroafricana,CAF,513.3041876592365,251.20729143608239,565.80120711394,380.29791114377974,424.44913165948441,377.42291768019527,402.1916451305018,450.90065785854716,475.95381386481267,467.90803227779787,492.79587119399,..
PIB per cápita (US$ a precios actuales),NY.GDP.PCAP.CD,Chad,TCD,291.55335732265416,166.17570888178633,967.35294881212224,979.81174261675915,1020.2879794892665,776.01975228426159,693.44976744853739,665.94888485910246,726.15100708854857,709.54004317463011,659.27004497780126,..
PIB per cápita (US$ a precios actuales),NY.GDP.PCAP.CD,Islas del Canal,CHI,..,43382.8268494819,..,..,..,..,..,..,..,..,..,..
PIB per cápita (US$ a precios actuales),NY.GDP.PCAP.CD,Chile,CHL,2494.5267963643028,5074.9026160875064,15351.540738715341,15842.936483624002,14670.98891426947,13574.169237752412,13753.592148509613,14998.817056321828,15888.144355396988,14741.714403993639,13231.704206938075,..
PIB per cápita (US$ a precios actuales),NY.GDP.PCAP.CD,China,CHN,317.88467304092774,959.37248363586446,6300.6151182578869,7020.3384845365754,7636.116601255022,8016.4314349800261,8094.3633667519407,8816.9869045198921,9905.3420038925342,10143.838171992053,10434.775187483907,..
PIB per cápita (US$ a precios actuales),NY.GDP.PCAP.CD,Colombia,COL,1445.32863023383,2520.481088760162,8050.2553716705079,8218.34784431478,8114.3439208516074,6175.8760297025956,5870.7779572416475,6376.7067155260083,6729.5833319816848,6424.9794924083044,5334.5560423391653,..
PIB per cápita (US$ a precios actuales),NY.GDP.PCAP.CD,Comoras,COM,1043.790659195249,647.42581181050389,1403.3602519669766,1505.337292471469,1513.8303792438003,1242.5856078499926,1273.0509520025519,1323.8148430129384,1428.2904632432228,1401.5423119681425,1420.6617474722111,..
PIB per cápita (US$ a precios actuales),NY.GDP.PCAP.CD,"Congo, República Democrática del",COD,270.13054337707956,405.21621858264888,424.60037381496034,457.96374750963219,486.78709511943617,497.3170390773646,471.31882246348567,467.07423172679006,560.8073582386337,580.71687064539094,543.95039251580283,..
PIB per cápita (US$ a precios actuales),NY.GDP.PCAP.CD,"Congo, República del",COG,1187.5497723899471,1032.1375424609309,3923.0935086094646,3883.7468478740266,3776.4855678433782,2447.5393082704104,2050.9934147723211,2169.9915035396289,2606.6153307839008,2369.7294942910894,1846.1312970869474,..
PIB per cápita (US$ a precios actuales),NY.GDP.PCAP.CD,Costa Rica,CRI,1831.000150911859,3789.0538863410115,10075.004615573505,10744.091018920099,10847.169667292914,11642.778051719406,12011.22275443537,12225.574493140313,12485.423896168044,12693.827956037179,12140.854154575418,..
PIB per cápita (US$ a precios actuales),NY.GDP.PCAP.CD,Côte d'Ivoire,CIV,905.32201952630442,1007.4673895038974,1684.7815862703776,1935.946845307004,2156.6458830895135,1972.545683058358,2013.3814476165073,2111.0265572664453,2314.0509583688104,2276.3323939017969,2325.7237050224721,..
PIB per cápita (US$ a precios actuales),NY.GDP.PCAP.CD,Croacia,HRV,..,4887.7137156411472,13401.656620328295,13837.731637658671,13762.372863059865,11933.377378828136,12527.739856982351,13629.289592246976,15227.560096809613,15311.766903695032,14132.486560949948,..
PIB per cápita (US$ a precios actuales),NY.GDP.PCAP.CD,Cuba,CUB,2703.168294187511,2747.1003034847768,6497.3147642130589,6837.711679858814,7133.3376787590669,7694.0146371094106,8060.7965976151263,8541.2136864370714,8824.1940084384169,9125.8786794952011,9477.8528732677078,..
PIB per cápita (US$ a precios actuales),NY.GDP.PCAP.CD,Curacao,CUW,..,..,20587.397358012957,20462.717953981344,20258.009694883254,19951.327903044086,19555.365849289094,19457.5315232205,19630.893487301913,19701.270377456996,16752.965264336373,..
PIB per cápita (US$ a precios actuales),NY.GDP.PCAP.CD,Chipre,CYP,9641.57527301293,14388.3480609917,28912.1569390403,27729.1926990735,27163.3329657606,23408.3366816249,24605.9208328767,26608.8750916456,29334.1109348657,29206.0767190775,27527.8453055825,..
PIB per cápita (US$ a precios actuales),NY.GDP.PCAP.CD,República Checa,CZE,3941.5030940694105,6029.0381927535791,19870.801212340346,20133.169143135263,19890.919905664778,17829.698322366781,18575.232027191487,20636.199952434956,23419.735613650162,23660.148806831683,22933.49959092365,..
PIB per cápita (US$ a precios actuales),NY.GDP.PCAP.CD,Dinamarca,DNK,26891.446448957078,30743.547681635428,58507.508051785189,61191.193704202844,62548.984733290752,53254.856370091584,54663.9983719195,57610.098180113484,61591.928869895812,59775.735096451463,61063.316430423787,..
PIB per cápita (US$ a precios actuales),NY.GDP.PCAP.CD,Djibouti,DJI,766.14744294542106,768.183570343678,1559.2406506822642,2312.7209484208997,2464.2949050764887,2658.9492452823747,2802.1662039544576,2914.3581968860231,3141.8617105900189,3414.9161775745961,3425.4841758580333,..
PIB per cápita (US$ a precios actuales),NY.GDP.PCAP.CD,Dominica,DMA,2860.3224791915823,4787.8014410677724,6849.4559333694542,7016.3800714780018,7317.4861432165444,7597.2888940925468,8080.9686234118617,7274.5177307170025,7687.4629634800522,8516.2800389516069,7003.8590214723345,..
PIB per cápita (US$ a precios actuales),NY.GDP.PCAP.CD,República Dominicana,DOM,991.61484114979123,2869.178138610213,6110.3665760338345,6238.1323665836162,6608.8255013006456,6921.5205943277633,7280.8836104122547,7609.3532753402333,8050.6440762341617,8282.1171305092084,7268.1969096590956,..
PIB per cápita (US$ a precios actuales),NY.GDP.PCAP.CD,Ecuador,ECU,1489.5299460381646,1445.2793244290131,5682.0461081449721,6056.3312125381335,6377.09392877257,6124.4908870713352,6060.0929615679133,6213.50312736888,6295.9346616399243,6222.5246532724805,5600.3896149534148,..
PIB per cápita (US$ a precios actuales),NY.GDP.PCAP.CD,"Egipto, República Árabe de",EGY,765.642005459646,1450.4762424329781,3229.6856303038048,3262.6575864710353,3379.5579862705767,3562.9326579842254,3519.8732398108036,2444.2903871844783,2537.1251850471172,3019.0922834664611,3569.2068412110843,..
PIB per cápita (US$ a precios actuales),NY.GDP.PCAP.CD,El Salvador,SLV,914.1317947388842,2001.5400488796572,3428.4093324668056,3509.5265362245846,3589.0428846199056,3705.5797035345254,3805.9956857443444,3910.2544033271738,4052.6247753374223,4167.7309387856294,3798.636520823206,..
PIB per cápita (US$ a precios actuales),NY.GDP.PCAP.CD,Guinea Ecuatorial,GNQ,267.46807291318191,1725.5575842797778,21711.151594604307,20390.737273789011,19394.080662619108,11283.398054387149,9250.3164933395146,9667.857800934602,10005.616791726818,8419.9333361253011,7143.2387049714616,..
PIB per cápita (US$ a precios actuales),NY.GDP.PCAP.CD,Eritrea,ERI,..,308.13418680857922,..,..,..,..,..,..,..,..,..,..
PIB per cápita (US$ a precios actuales),NY.GDP.PCAP.CD,Estonia,EST,..,4070.6090241020797,17403.205325476698,19056.001922698946,20261.066730388637,17402.037612807875,18295.342932211355,20437.765376735962,23063.563817567512,23397.878256094409,23054.35849059781,..
PIB per cápita (US$ a precios actuales),NY.GDP.PCAP.CD,Eswatini,SWZ,1355.3890007470657,1728.7104976274081,4527.5650387865326,4230.1712664152128,4039.1593407948335,3680.3494728377518,3425.5319569284597,3914.418483796032,4105.893682789394,3915.6434672366868,3424.2822122311013,..
PIB per cápita (US$ a precios actuales),NY.GDP.PCAP.CD,Etiopía,ETH,254.24326220282083,124.46079087492141,467.0778718332802,499.53153016422777,566.92640288853045,640.54192307542189,717.124869806118,768.523015429372,771.52486634943079,855.7608851869029,936.34046106474909,..
PIB per cápita (US$ a precios actuales),NY.GDP.PCAP.CD,Islas Feroe,FRO,..,22651.861984669802,49459.717233837175,54843.319285220612,59433.834572675842,52400.29727638355,56854.102653705988,59993.09062665586,62918.146193612054,64225.264904983669,..,..
PIB per cápita (US$ a precios actuales),NY.GDP.PCAP.CD,Fiji,FJI,1835.1230583358256,2069.3174547145804,4591.5770150620665,4840.7272698724237,5605.6091484418457,5390.7142070308455,5651.272721327723,6101.0238895008069,6317.4137201512322,6175.8906533171312,5057.6319126176095,..
PIB per cápita (US$ a precios actuales),NY.GDP.PCAP.CD,Finlandia,FIN,28364.645076592249,24345.91482170322,47708.0612784469,49892.223363273239,50327.240290263187,42801.908116728511,43814.026505696464,46412.136477716922,49988.910846184495,48628.641762105042,48755.355006290643,..
PIB per cápita (US$ a precios actuales),NY.GDP.PCAP.CD,Francia,FRA,21793.835537518335,22419.694821131288,40872.362461568773,42605.04437821795,43068.548724173925,36652.922305217762,37062.533572382861,38781.049487083619,41592.795896431962,40578.644285053386,39037.122630907426,..
PIB per cápita (US$ a precios actuales),NY.GDP.PCAP.CD,Polinesia Francesa,PYF,15913.510874186573,14324.118659256152,..,..,..,..,..,..,..,..,..,..
PIB per cápita (US$ a precios actuales),NY.GDP.PCAP.CD,Gabón,GAB,6268.9180076574385,4135.992380077224,9813.50574650818,9683.5816195125153,9663.4241100258514,7384.7007039307146,6984.41971208387,7230.4349116197909,7959.0072673637633,7766.9965542294831,6881.7151923183092,..
PIB per cápita (US$ a precios actuales),NY.GDP.PCAP.CD,Gambia,GMB,331.817740281771,594.149388499649,742.77762863124258,700.51604215283317,607.42990465181254,660.72357124432176,690.78049315279247,679.75507172296045,732.720727318856,772.04591421513942,773.00207013552415,..
PIB per cápita (US$ a precios actuales),NY.GDP.PCAP.CD,Georgia,GEO,1614.6401223991975,749.90852361159057,4421.81824228013,4623.7457247341945,4739.1883384642069,4014.1859441932947,4062.1698875737929,4357.0009355462771,4722.7877832176646,4697.9836523898448,4256.7011855879773,..
PIB per cápita (US$ a precios actuales),NY.GDP.PCAP.CD,Alemania,DEU,22303.961326662753,23694.760483067272,43855.854465861754,46298.922917734082,48023.86998454624,41103.256436376832,42136.120790799105,44652.589172271859,47973.607623509692,46794.899291560272,46252.689304489213,..
PIB per cápita (US$ a precios actuales),NY.GDP.PCAP.CD,Ghana,GHA,398.63708108893138,258.47103992967857,1587.5609318580864,2361.0903238836609,2012.264247197282,1774.0747709250811,1971.9569346459884,2074.290732722689,2260.8605672933677,2246.625578164324,2205.5290158584007,..
PIB per cápita (US$ a precios actuales),NY.GDP.PCAP.CD,Gibraltar,GIB,..,..,..,..,..,..,..,..,..,..,..,..
PIB per cápita (US$ a precios actuales),NY.GDP.PCAP.CD,Grecia,GRC,9600.1852350660265,12072.929356919571,21912.998287951716,21787.787763603465,21616.710009490806,18083.877905654695,17923.966813471638,18582.08934116313,19756.990456255011,19133.757763625435,17647.232688274351,..
PIB per cápita (US$ a precios actuales),NY.GDP.PCAP.CD,Groenlandia,GRL,18326.805123460937,19004.107291030436,45936.765951698857,47535.589945368476,50484.927573902278,44536.401308099936,48181.874188063957,50766.599418274767,54270.82230552382,53041.303310195952,..,..
PIB per cápita (US$ a precios actuales),NY.GDP.PCAP.CD,Granada,GRD,2886.9982036683305,5056.9772588695732,7444.089074742762,7789.6323550559391,8370.0404720606748,9096.5386524632158,9628.2591689029014,10152.832811887234,10466.882211195754,10827.435290507377,9261.5518761769617,..
PIB per cápita (US$ a precios actuales),NY.GDP.PCAP.CD,Guam,GUM,..,..,32908.306769173076,33656.453573543622,34843.205574912892,35829.250359898921,36214.006922453787,36601.9198811792,36556.674911021291,38040.586987058785,34624.340129041433,..
PIB per cápita (US$ a precios actuales),NY.GDP.PCAP.CD,Guatemala,GTM,845.30696210518147,1664.2989582704549,3355.036918812722,3522.7737062147539,3779.6423361302482,3994.636912884745,4173.3016661947386,4454.0481498354757,4478.424645509439,4638.6349431951057,4603.339616709748,..
PIB per cápita (US$ a precios actuales),NY.GDP.PCAP.CD,Guinea,GIN,419.80987082272139,363.48227926661485,717.05053593799232,769.00316669783285,787.238564407157,769.25547543282175,732.29151190166169,855.5752705521237,955.11128113671145,1058.1433681735582,1194.0378646944453,..
PIB per cápita (US$ a precios actuales),NY.GDP.PCAP.CD,Guinea-Bissau,GNB,250.14944195658086,308.91031840187185,616.3756640341303,634.66203913896913,623.31309138768677,603.39938154773279,661.45783867960336,738.54994489078229,802.76738511615554,749.453747028806,727.52017171956163,..
PIB per cápita (US$ a precios actuales),NY.GDP.PCAP.CD,Guyana,GUY,533.538358752841,954.40031809533434,5378.8108784826481,5489.1407255138438,5407.1473661172786,5576.8258515135531,5811.3979236257683,6124.9536699875853,6145.8192766437705,6609.5112795458754,6955.9392171778854,..
PIB per cápita (US$ a precios actuales),NY.GDP.PCAP.CD,Haití,HTI,439.944188015911,805.025632473004,1337.335945612813,1432.837617666918,1435.1364702310377,1386.8541907884628,1290.3805081231756,1369.0637339513708,1479.3458268884981,1312.7706360667632,1272.3679920420495,..
PIB per cápita (US$ a precios actuales),NY.GDP.PCAP.CD,Honduras,HND,993.48325319337016,1080.5104718384646,2129.5214387180745,2088.0972059333203,2190.6531391773005,2286.2030368733344,2326.2972782704151,2436.6716359866982,2492.8689676913568,2556.4568906845857,2389.0124307710034,..
PIB per cápita (US$ a precios actuales),NY.GDP.PCAP.CD,"Hong Kong, Región Administrativa Especial",HKG,13485.544892956465,25756.663778327784,36730.876700112778,38403.7777145477,40315.285564055164,42431.88828172769,43731.106824529867,46165.856511595332,48542.681869916094,48354.473367413033,46323.863442438356,..
PIB per cápita (US$ a precios actuales),NY.GDP.PCAP.CD,Hungría,HUN,..,4624.2816567029531,12989.180281589623,13719.950539362095,14298.833667394954,12720.712022066813,13107.377913774431,14623.696649231098,16427.372761147839,16735.659779476086,15980.108225883239,..
PIB per cápita (US$ a precios actuales),NY.GDP.PCAP.CD,Islandia,ISL,25384.914753310379,32096.372261369539,45995.547878946723,49804.982997837134,54576.744814656486,52951.681511089751,61987.926362028345,72010.149031625842,74469.804059155911,68941.46222723939,59264.034091314483,..
PIB per cápita (US$ a precios actuales),NY.GDP.PCAP.CD,India,IND,367.55660889030963,443.3141938113165,1443.8824347613838,1449.61045069641,1573.8856418295591,1605.6054445708705,1732.5542423165914,1980.6670198280233,1996.9150873978911,2100.7514606080495,1927.7078230933537,..
PIB per cápita (US$ a precios actuales),NY.GDP.PCAP.CD,Indonesia,IDN,585.07656285139217,780.19020467518021,3694.3593398021362,3623.92724054274,3491.637491254492,3331.6951146918896,3562.8163335218346,3837.5780236263286,3893.85957814877,4135.2015313269367,3869.5884270453721,..
PIB per cápita (US$ a precios actuales),NY.GDP.PCAP.CD,"Irán, República Islámica del",IRN,2214.3276884780726,1670.009673565299,7927.844907683223,6018.3228995354839,5585.5256039324695,4904.3273148516864,5253.4265603335552,5520.3147821399843,3598.4834539612925,3114.6227528406325,2422.4806568277704,..
PIB per cápita (US$ a precios actuales),NY.GDP.PCAP.CD,Iraq,IRQ,10356.90304759657,2058.2644008244874,6836.0739951333808,7076.5522652518848,6637.6843745455135,4688.31801743466,4550.658637848288,4985.4528794299586,5915.8508536964382,5980.6269179797046,4145.8629363760165,..
PIB per cápita (US$ a precios actuales),NY.GDP.PCAP.CD,Irlanda,IRL,14031.302567546856,26334.567205050083,49026.023067270165,51533.0345651701,55599.850799684027,62012.484925814926,62861.639115790153,69774.028972495347,79107.604993436675,80886.615738710418,85422.542868226592,..
PIB per cápita (US$ a precios actuales),NY.GDP.PCAP.CD,Isla de Man,IMN,..,20322.682015229428,79148.3322507324,83357.1326843437,92334.6463139171,85126.97046942926,82197.126770259987,83477.834285153978,89112.667715857053,86481.552590533931,..,..
PIB per cápita (US$ a precios actuales),NY.GDP.PCAP.CD,Israel,ISR,..,21061.482283399306,32667.606872325428,36499.456108228362,37847.649943210643,35808.436428972716,37330.261796968021,40774.129607322713,42063.453127481138,43951.247730567746,44177.571224844483,..
PIB per cápita (US$ a precios actuales),NY.GDP.PCAP.CD,Italia,ITA,20825.784222830691,20137.591221767343,35051.521269770259,35560.081406228848,35565.721377149624,30242.386135218429,30960.731508890221,32406.72031501343,34622.169666474118,33641.63375136222,31769.965868483294,..
PIB per cápita (US$ a precios actuales),NY.GDP.PCAP.CD,Jamaica,JAM,1897.6908837890219,3392.123878094621,5209.8592636256681,4989.73408891012,4834.2840094980138,4907.9274151890031,4843.749899994008,5070.0995030615968,5359.9937893963843,5369.4983713849042,4664.5302422213308,..
PIB per cápita (US$ a precios actuales),NY.GDP.PCAP.CD,Japón,JPN,25371.464170524639,39169.359570150431,49145.280430819279,40898.647896474438,38475.39524618382,34960.639384338487,39400.739355925711,38891.086271685635,39808.168560879276,40777.608697051226,40193.252444835663,..
PIB per cápita (US$ a precios actuales),NY.GDP.PCAP.CD,Jordania,JOR,1166.6109304141282,1651.6217976911985,3910.3468940637736,4044.4268689118467,4131.4473504602693,4164.10876894014,4175.3566019230075,4231.5182799913373,4308.151073899704,4405.4871092939093,4282.7658246162109,..
PIB per cápita (US$ a precios actuales),NY.GDP.PCAP.CD,Kazajstán,KAZ,1647.4632433776087,1229.0012466723119,12386.699265296294,13890.63095629264,12807.260686615242,10510.771888414851,7714.8418437602413,9247.5813312962582,9812.6263707739563,9812.5958082732,9122.2334302164363,..
PIB per cápita (US$ a precios actuales),NY.GDP.PCAP.CD,Kenya,KEN,361.32826506626867,397.48265877751913,1271.8153829134,1354.8208334252022,1462.2200521329494,1464.5540090432919,1525.2351922499231,1633.4912163929316,1794.0911754468004,1912.6478668034376,1878.5807025134818,..
PIB per cápita (US$ a precios actuales),NY.GDP.PCAP.CD,Kiribati,KIR,549.90107851063431,796.803203566513,1788.691439497496,1715.8143207156561,1642.8201286476756,1542.6164654784636,1584.7380150617507,1640.5712052297433,1727.8450013164352,1601.8618685528538,1653.5402972431461,..
PIB per cápita (US$ a precios actuales),NY.GDP.PCAP.CD,"Corea, República Popular Democrática de",PRK,..,..,..,..,..,..,..,..,..,..,..,..
PIB per cápita (US$ a precios actuales),NY.GDP.PCAP.CD,"Corea, República de",KOR,6610.0365083066972,12256.993567950305,25466.760517059396,27182.734310193551,29249.575220974195,28732.231076259857,29288.870438983333,31616.843400468311,33436.92306460641,31902.416904819416,31597.50464907179,..
PIB per cápita (US$ a precios actuales),NY.GDP.PCAP.CD,Kosovo,XKX,..,..,3410.85977956608,3704.7842205966463,3902.6760127081839,3520.7664492743993,3759.5602460444647,4009.3809868036847,4384.0488917318971,4416.1083575463563,4310.8111833731664,..
PIB per cápita (US$ a precios actuales),NY.GDP.PCAP.CD,Kuwait,KWT,8794.6060456619562,18440.378521244569,51979.120689533454,49388.0533799687,44062.340913459753,29869.55275323704,27653.157620028134,29759.467474527832,33399.060436584179,32373.2511220507,24811.769710023087,..
PIB per cápita (US$ a precios actuales),NY.GDP.PCAP.CD,Kirguistán,KGZ,609.17289123701948,279.61956926093882,1177.9747348784833,1282.4371620246661,1279.7697826598551,1121.0828351073897,1120.6665130084834,1242.7696428202323,1308.14016549619,1374.0321046742079,1175.6981523670315,..
PIB per cápita (US$ a precios actuales),NY.GDP.PCAP.CD,República Democrática Popular Lao,LAO,203.25601751518317,325.18693714296461,1581.6287101067544,1831.9369158116756,1999.9582031491302,2140.0443228004438,2324.4009170042455,2455.2115594489269,2569.0938921725142,2635.8000150335856,2629.7145828711532,..
PIB per cápita (US$ a precios actuales),NY.GDP.PCAP.CD,Letonia,LVA,..,3361.6408688027504,13847.33793931943,15007.4918561719,15742.391338190771,13786.456795311369,14331.751588504894,15695.11515410587,17865.031094764225,17926.841589918971,17736.503750589254,..
PIB per cápita (US$ a precios actuales),NY.GDP.PCAP.CD,Líbano,LBN,1012.6482159182865,4491.6419343043317,7952.1512658907295,7933.2333196140426,7687.7593361249055,7663.9202321634893,7653.73362998424,7819.6046701964942,8058.44433692324,7578.1723680817076,4649.5476460783739,..
PIB per cápita (US$ a precios actuales),NY.GDP.PCAP.CD,Lesotho,LSO,350.05878452686852,436.48813726607068,1229.6362324742279,1166.9117557182997,1194.5756269341953,1146.0646878730795,1018.9310929194469,1102.9444103788653,1192.4843195181006,1113.3721403358106,875.353432963926,..
PIB per cápita (US$ a precios actuales),NY.GDP.PCAP.CD,Liberia,LBR,..,306.83386420740845,675.01019183869471,747.86866013689587,739.91193501652026,721.5810505231284,740.91490603010209,721.08504401321591,710.26599841958125,672.34049922084091,632.93638561734963,..
PIB per cápita (US$ a precios actuales),NY.GDP.PCAP.CD,Libia,LBY,6514.3185673989865,7142.7717855526407,13025.279321249571,10363.804247198828,6466.9082371760242,4337.9191391934755,4035.1968016999394,5756.6993247477521,7877.1246095454208,7685.9481324831786,3699.2947651431764,..
PIB per cápita (US$ a precios actuales),NY.GDP.PCAP.CD,Liechtenstein,LIE,49373.610266145821,74853.93872935402,149010.22489866463,173030.20827936332,178864.8519137853,167313.26628044862,165642.38627555457,171253.96425379728,180366.71519757481,175813.87559205844,..,..
PIB per cápita (US$ a precios actuales),NY.GDP.PCAP.CD,Lituania,LTU,..,3293.2299786708563,14367.70942487197,15729.652466651236,16551.018202077976,14263.964577349474,15008.313244552579,16885.407394837326,19186.181281417783,19575.768481407049,20232.302035858793,..
PIB per cápita (US$ a precios actuales),NY.GDP.PCAP.CD,Luxemburgo,LUX,33465.47820791899,48659.59887532334,112584.6762709582,120000.14072985915,123678.70214327476,105462.01258442263,106899.29354955172,110193.21379722781,117254.74035268243,113218.71334967784,116356.15803728567,..
PIB per cápita (US$ a precios actuales),NY.GDP.PCAP.CD,"Región Administrativa Especial de Macao, China",MAC,9442.4866651419252,15835.991014809517,76572.151787128634,89260.757104100456,93022.8751422537,74818.948126372037,73545.758237307018,81019.473766659314,87526.079991263454,86197.365694394888,39403.135907336218,..
PIB per cápita (US$ a precios actuales),NY.GDP.PCAP.CD,Madagascar,MDG,338.94771267283505,293.60715740259405,518.152812674029,541.06594370085691,530.86103886599255,467.2354316146666,475.95555682633591,515.29332337323331,523.9459714196604,522.989524271408,471.49149630025238,..
PIB per cápita (US$ a precios actuales),NY.GDP.PCAP.CD,Malawi,MWI,199.98636358031814,156.38581679028616,391.56170519722372,348.42987367926054,371.26952170674105,380.59698768377427,315.77798710007147,506.1372944363988,544.59343539337272,591.84638955664639,636.8205368338472,..
PIB per cápita (US$ a precios actuales),NY.GDP.PCAP.CD,Malasia,MYS,2441.7419905489451,4043.6629231287679,10817.431710078306,10970.104299603312,11319.061944848245,9955.2427216762644,9817.787090310092,10259.304806481139,11380.082090047545,11432.822997301837,10412.348983438125,..
PIB per cápita (US$ a precios actuales),NY.GDP.PCAP.CD,Maldivas,MDV,963.63565820444717,2234.5958613746152,7265.7233994737189,7928.4764426506108,8499.30714783649,9033.4102703457611,9209.4435638547857,9577.3469458786458,10279.079975161869,10561.613511350777,6924.1057446562545,..
PIB per cápita (US$ a precios actuales),NY.GDP.PCAP.CD,Malí,MLI,317.3948274221151,270.54223600321518,778.62526951097232,805.03397960821974,848.27904295676876,751.47288662264,780.72356952808741,830.02151534688574,894.80477651036563,879.04318730081184,862.4530187702519,..
PIB per cápita (US$ a precios actuales),NY.GDP.PCAP.CD,Malta,MLT,7191.9236025961745,10432.328119294247,22527.636756327134,24771.076578192926,26754.268445194371,24921.603682086854,25741.44606136774,28250.697774758926,30672.292243903776,30186.195962197886,28423.200204148,..
PIB per cápita (US$ a precios actuales),NY.GDP.PCAP.CD,Islas Marshall,MHL,1660.3406326034062,2272.67801552587,3181.6247002398081,3246.6302495916252,3185.2613538988862,3199.8868463198942,3490.9983888571278,3672.5767832842403,3793.550982674793,4073.109829735844,4129.850998412001,..
PIB per cápita (US$ a precios actuales),NY.GDP.PCAP.CD,Mauritania,MRT,740.73617127427508,676.56902238144755,1815.2189394792274,1892.0940002644365,1677.1090194279416,1524.0717525480331,1536.8548878887666,1587.6112632506311,1670.2041645288041,1743.3029009376776,1701.9911630490822,..
PIB per cápita (US$ a precios actuales),NY.GDP.PCAP.CD,Mauricio,MUS,2506.1793122670806,3929.0754950336445,9291.22761861899,9637.00265000958,10153.938218486741,9260.4473025063544,9681.6185668967355,10484.908362041104,11208.343818447358,11097.168977136957,8627.8431571198125,..
PIB per cápita (US$ a precios actuales),NY.GDP.PCAP.CD,México,MEX,3112.2685947569707,7157.8144998573407,10241.727828042969,10725.183587379641,10928.916008998802,9616.64555810607,8744.5155591278562,9287.8495873230222,9686.9849265558551,9950.4500804845866,8329.2713126392664,..
PIB per cápita (US$ a precios actuales),NY.GDP.PCAP.CD,Micronesia (Estados Federados de),FSM,1528.4931051669712,2171.8895768353427,3131.3867146383941,2994.7923944034287,2971.512601913555,2906.6170122880812,3014.7003583904188,3289.64211697365,3568.291015625,3585.3924488845541,3565.2932942680031,..
PIB per cápita (US$ a precios actuales),NY.GDP.PCAP.CD,República de Moldova,MDA,..,440.6720306532693,3045.7398742241653,3322.0384362614955,3328.8014489212505,2732.4571129373285,2880.439281292955,3509.6934502581439,4230.3630367862,4491.688826938198,4547.0597206467119,..
PIB per cápita (US$ a precios actuales),NY.GDP.PCAP.CD,Mónaco,MCO,84303.878434582657,82365.492364535967,157520.2194265326,177673.74536841962,189432.37001314739,165989.50511383178,170028.65571786449,167517.05972785602,185978.60925135555,189487.14712837973,173688.18936029158,..
PIB per cápita (US$ a precios actuales),NY.GDP.PCAP.CD,Mongolia,MNG,1172.4462866145425,474.21709431983686,4351.88846071215,4366.089536995717,4158.5214714975264,3875.321675047172,3658.3903003091641,3687.1000033781079,4156.8469697801993,4404.8458302020754,4060.9505177003803,..
PIB per cápita (US$ a precios actuales),NY.GDP.PCAP.CD,Montenegro,MNE,..,1627.0726330439436,6586.7212793222006,7186.4297868215435,7378.34528902948,6514.27269528653,7028.93657685094,7784.0652899655715,8845.914218872962,8910.6508341461285,7677.1522256999642,..
PIB per cápita (US$ a precios actuales),NY.GDP.PCAP.CD,Marruecos,MAR,1206.01188616466,1334.94346380236,2912.65827494029,3121.68008083643,3171.69919227376,2875.25798516781,2896.72219562665,3035.45443323105,3226.98279356862,3235.00066048238,3058.69168866957,..
PIB per cápita (US$ a precios actuales),NY.GDP.PCAP.CD,Mozambique,MOZ,..,319.35962084366741,657.64467654187843,664.07751035733577,673.96921195694006,589.85904996253009,428.92667294452889,461.41509412058878,503.31792517113922,506.641639083046,448.54428070498182,..
PIB per cápita (US$ a precios actuales),NY.GDP.PCAP.CD,Myanmar,MMR,49.26489079230474,146.60457877866057,1134.3022237660882,1168.1654004228828,1210.0976363309628,1196.7433574742117,1136.6106654586829,1151.1144615506237,1250.1736913066302,1271.1115749486009,1467.604281151433,..
PIB per cápita (US$ a precios actuales),NY.GDP.PCAP.CD,Namibia,NAM,1947.0629108948121,2185.6041151931204,5942.2927397402673,5392.0949382563367,5469.9014000363659,4896.6152600137675,4546.9866875495754,5367.11467444788,5588.3928641194234,5009.6859039140136,4179.2780656087543,..
PIB per cápita (US$ a precios actuales),NY.GDP.PCAP.CD,Nauru,NRU,..,..,9562.6678655132437,9648.4956547999809,10171.480725887188,8341.012277761547,9521.0421007138339,10339.385479551001,11614.665076831954,11029.735582421332,10580.268188390548,..
PIB per cápita (US$ a precios actuales),NY.GDP.PCAP.CD,Nepal,NPL,191.87888393525412,229.49039256322462,804.1416073154038,823.35987460948866,844.8531248436168,901.74960771507062,899.52358101763423,1048.453755344271,1178.5259324523706,1194.9568757257528,1155.1428544035789,..
PIB per cápita (US$ a precios actuales),NY.GDP.PCAP.CD,Países Bajos,NLD,21290.860382704483,26214.498549887016,50070.141604590419,52198.897560745419,52900.537415323044,45193.403218797073,46039.105928409757,48675.222335021259,53044.532435225323,52476.273253332714,52396.032209952456,..
PIB per cápita (US$ a precios actuales),NY.GDP.PCAP.CD,Nueva Caledonia,NCL,14800.791252930803,16039.169169247614,37294.0228133545,38503.253847205342,39675.566312293005,32520.294162814265,32391.197218039404,33976.555554068873,36382.48765568099,34788.529281587042,..,..
PIB per cápita (US$ a precios actuales),NY.GDP.PCAP.CD,Nueva Zelandia,NZL,13663.021618429788,13641.102718382228,39973.380758722349,42976.649588258413,44572.898753662565,38630.726588692844,40080.494113717155,42992.89527388956,43306.070003237248,42755.216263452246,41441.466666701133,..
PIB per cápita (US$ a precios actuales),NY.GDP.PCAP.CD,Nicaragua,NIC,241.876412085241,1007.4998386550041,1760.4603082884105,1811.6368027036283,1934.0629222722521,2049.8516660809028,2107.5740596602045,2159.15671369193,2014.5751887904669,1926.6996939827582,1905.2611515592125,..
PIB per cápita (US$ a precios actuales),NY.GDP.PCAP.CD,Níger,NER,437.5899949916224,197.83268344164324,529.74445814169371,552.56913896341723,564.5967488020184,484.15313735080088,500.21491126653518,517.77157227137127,570.72392195359214,554.09938925985455,567.669892261611,..
PIB per cápita (US$ a precios actuales),NY.GDP.PCAP.CD,Nigeria,NGA,567.52864901572173,567.93072207647288,2723.8221909385916,2961.5494217594737,3098.9857906393822,2687.4800564321158,2176.0027720151456,1968.565398474444,2027.7785486384198,2229.8586518612988,2097.0924728902164,..
PIB per cápita (US$ a precios actuales),NY.GDP.PCAP.CD,Macedonia del Norte,MKD,2354.2752560639874,1861.8980654994457,4728.3081418984284,5241.0583454835523,5495.7350491889747,4861.5539714149654,5149.5890743590589,5450.4928808666009,6108.7401083169771,6070.3880535827466,5917.2625754522069,..
PIB per cápita (US$ a precios actuales),NY.GDP.PCAP.CD,Mariana,MNP,..,..,13736.971973630907,14091.191180228525,15044.93589627674,16314.383549364456,21891.184793635537,27584.743514932896,22886.674049464746,20659.640291542131,..,..
PIB per cápita (US$ a precios actuales),NY.GDP.PCAP.CD,Noruega,NOR,28242.943738532995,38131.460611624214,101524.14185198475,102913.45084367356,97019.182752746216,74355.515857564344,70460.560532332165,75496.754058199775,82267.809316159,75719.752896534192,67329.677791096692,..
PIB per cápita (US$ a precios actuales),NY.GDP.PCAP.CD,Omán,OMN,6448.1383597093063,8601.27194448996,24988.012585593387,23888.626583911217,23017.933984045729,18444.927002077264,16772.73921348005,17329.185462671874,18947.366495977338,17700.703490071388,14485.386115797337,..
PIB per cápita (US$ a precios actuales),NY.GDP.PCAP.CD,Pakistán,PAK,371.67856762875459,576.19558035351781,1198.1176370400738,1208.9177102045812,1251.1757186794932,1356.6678306576289,1368.4269614041655,1464.9261954181025,1482.2130665179698,1288.556324504344,1188.8597569216167,..
PIB per cápita (US$ a precios actuales),NY.GDP.PCAP.CD,Palau,PLW,..,7657.9512144053606,12044.105472072582,12561.336135885929,13711.76170212766,15876.46193037079,16835.986002934867,16019.989892750857,15895.259896153202,15232.487084050887,14243.864691576387,..
PIB per cápita (US$ a precios actuales),NY.GDP.PCAP.CD,Panamá,PAN,2603.847676153182,4060.3177934570226,10722.261471666814,11889.095066334459,12796.074028786836,13630.301141130103,14343.980257215859,15146.408511534775,15544.999078844867,15774.254940684668,12509.835290141416,..
PIB per cápita (US$ a precios actuales),NY.GDP.PCAP.CD,Papua Nueva Guinea,PNG,697.53896850396188,602.1864903445819,2790.6763034448836,2729.8887512111037,2920.7829857115858,2679.3465792132365,2509.6296368993117,2695.2490085595618,2801.3713930291547,2820.3063965068918,2757.2175297369604,..
PIB per cápita (US$ a precios actuales),NY.GDP.PCAP.CD,Paraguay,PRY,1376.165324827816,1663.6049391998586,5185.1415487127906,5936.975959022483,6118.31811031962,5413.7760206185831,5324.6090677777684,5678.869972200001,5782.7845498128563,5380.963321841301,5001.0727604519134,..
PIB per cápita (US$ a precios actuales),NY.GDP.PCAP.CD,Perú,PER,1196.5868581963352,1955.5880062789622,6528.9717753127979,6756.7529962003382,6672.8773725883966,6229.10067398112,6204.9964574796031,6710.5076021416407,6957.7934114935879,7027.6122069772264,6126.8745397886678,..
PIB per cápita (US$ a precios actuales),NY.GDP.PCAP.CD,Filipinas,PHL,816.02954574723674,1072.8017524871848,2694.3051093365079,2871.4297013483665,2959.6454352116725,3001.0431817010308,3073.654685709465,3123.2456417484477,3252.1102741002433,3485.3408438976994,3298.82958569657,..
PIB per cápita (US$ a precios actuales),NY.GDP.PCAP.CD,Polonia,POL,1731.2095311238809,4501.4540674227255,13097.270848217429,13696.466304614301,14271.30585362023,12578.495473436242,12447.439591280814,13864.681757997289,15468.482219410484,15732.203131175449,15742.453725636824,..
PIB per cápita (US$ a precios actuales),NY.GDP.PCAP.CD,Portugal,PRT,7884.6179875633179,11526.372066796823,20563.713601262887,21653.195975222461,22103.700970332095,19250.106537685195,19991.972487880517,21490.429863103967,23562.554522819133,23330.817288932005,22194.566114934969,..
PIB per cápita (US$ a precios actuales),NY.GDP.PCAP.CD,Puerto Rico,PRI,8652.50749222505,16192.126971963769,27944.733893742392,28513.165735106708,28981.457330586607,29763.488301386144,30627.163401701131,31108.760569767532,31604.70151445784,32850.548612359227,31429.866117655805,..
PIB per cápita (US$ a precios actuales),NY.GDP.PCAP.CD,Qatar,QAT,15454.179671569833,29976.167634467591,85075.9865371983,85050.684341095664,83858.340458176492,63039.112625802729,57162.968011776713,59124.867271207251,65907.948435040846,62276.428694436538,50124.385936172825,..
PIB per cápita (US$ a precios actuales),NY.GDP.PCAP.CD,Rumania,ROU,1680.7056228722661,1659.9076395454754,8507.1047745643627,9547.8521509661241,10043.677449761379,8969.1489214619342,9548.5874029826755,10807.009167199336,12398.981978766609,12899.346111289662,12915.243051370855,..
PIB per cápita (US$ a precios actuales),NY.GDP.PCAP.CD,Federación de Rusia,RUS,3492.7103142473,1771.59405905827,15420.8745413273,15974.6446270517,14095.648742954,9313.01362484996,8704.89841329594,10720.3326583505,11287.3552780815,11497.6492498593,10126.7217935297,..
PIB per cápita (US$ a precios actuales),NY.GDP.PCAP.CD,Rwanda,RWA,349.87330955205852,260.60118577970474,725.169770255329,722.89432850874937,743.55903797843735,751.07739261788527,744.76074875597726,772.31698914591857,783.63716281480811,820.14928855859421,797.85552067174842,..
PIB per cápita (US$ a precios actuales),NY.GDP.PCAP.CD,Samoa,WSM,772.53432038279766,1542.0667358011617,4020.9598443776677,4037.8138290513339,3937.1862460445191,4071.9269593030654,4109.663227740808,4258.9787671034446,4187.5047292366371,4322.8684566404545,4067.8434587376232,..
PIB per cápita (US$ a precios actuales),NY.GDP.PCAP.CD,San Marino,SMR,..,36604.493381062108,49988.463631145431,51570.983954708339,50817.330824780161,42662.902651346114,43828.232460931489,45399.029060554894,48996.59224882401,47731.208539934749,..,..
PIB per cápita (US$ a precios actuales),NY.GDP.PCAP.CD,Santo Tomé y Príncipe,STP,..,..,1330.6201139518096,1564.7685479269999,1770.4676880717873,1584.7756574378843,1700.0979966636439,1813.8074335970416,1953.5132573675983,1987.5797016681831,2157.8404456966778,..
PIB per cápita (US$ a precios actuales),NY.GDP.PCAP.CD,Arabia Saudita,SAU,7246.0159202838067,9171.3314763051476,25243.601998236591,24845.1246637862,24464.212557030711,20627.926928820383,19878.76383650157,20802.466313464789,23337.017549434706,23139.797980823747,20110.316192491151,..
PIB per cápita (US$ a precios actuales),NY.GDP.PCAP.CD,Senegal,SEN,982.01787632254582,613.73238449177506,1317.7798018053811,1372.6657793190216,1396.6573385558554,1219.2494151330177,1269.9032938598457,1361.7019721837473,1458.0690925814524,1430.1482590016221,1471.8309617071127,..
PIB per cápita (US$ a precios actuales),NY.GDP.PCAP.CD,Serbia,SRB,..,914.78571988586054,6015.9452275696913,6755.073674616292,6600.0568085458945,5588.98072768556,5765.2007620271133,6292.5436292670665,7252.4018577399229,7417.2036485220124,7730.6917463769832,..
PIB per cápita (US$ a precios actuales),NY.GDP.PCAP.CD,Seychelles,SYC,5302.8437271419753,7578.8510529884543,12006.682962370014,14765.67398004282,14700.334340838639,14745.341462028762,15068.620349418406,15945.264926626294,15994.819861553355,16213.480756924841,10764.420422461086,..
PIB per cápita (US$ a precios actuales),NY.GDP.PCAP.CD,Sierra Leona,SLE,150.38899745204711,138.69872249714754,566.37823505935535,716.83582690691514,714.69979573397666,588.22886279481565,501.41516552395348,496.68229487313147,533.99153326598434,521.75483672224073,509.37659398732154,..
PIB per cápita (US$ a precios actuales),NY.GDP.PCAP.CD,Singapur,SGP,11861.75615913661,23852.327028597541,55546.488538692116,56967.425794038332,57562.53079376783,55646.61874695048,56848.175391836674,61176.456361156481,66679.046489975211,65640.707948498472,59797.752180118812,..
PIB per cápita (US$ a precios actuales),NY.GDP.PCAP.CD,Sint Maarten (Dutch part),SXM,..,..,28460.332615118634,27942.880540141527,33043.68838126694,32274.890552435903,31616.681699266654,29369.056827816916,28988.259208587737,..,..,..
PIB per cápita (US$ a precios actuales),NY.GDP.PCAP.CD,República Eslovaca,SVK,2405.5351604078478,5426.624281193057,17429.829750132005,18208.417593657839,18655.79010894211,16342.216262109338,16512.292985900462,17538.048584386037,19389.982159444902,19303.545658138271,19266.513573624732,..
PIB per cápita (US$ a precios actuales),NY.GDP.PCAP.CD,Eslovenia,SVN,..,10201.303536672682,22641.805122502992,23503.282485025542,24247.17331840832,20890.166430417266,21678.359467062946,23514.025460414683,26116.856355879307,25942.954774143614,25489.500228408266,..
PIB per cápita (US$ a precios actuales),NY.GDP.PCAP.CD,Islas Salomón,SLB,688.51911423746128,1017.6137567543794,2141.8215222730882,2248.6149350511737,2274.8878657440523,2167.1199282907846,2225.4868420927314,2332.8442158554521,2411.8629263527737,2344.0489761531494,2250.6011638606951,..
PIB per cápita (US$ a precios actuales),NY.GDP.PCAP.CD,Somalia,SOM,126.92497324429898,..,..,350.1681617876315,374.11478071808205,386.43781698487669,389.82206153418775,384.46340143524321,389.83139549804031,419.39480767890984,438.25516558489932,..
PIB per cápita (US$ a precios actuales),NY.GDP.PCAP.CD,Sudáfrica,ZAF,3139.9662248384011,3374.7184227918419,8222.19727925886,7467.0791851039367,6988.80873854682,6259.8396811057073,5756.9657409880383,6690.9398473509627,7005.0954126602228,6624.7618649330934,5655.8676539039616,..
PIB per cápita (US$ a precios actuales),NY.GDP.PCAP.CD,Sudán del Sur,SSD,..,..,1179.739711080663,1779.4703653151319,1322.8203638333073,1119.6514371656524,..,..,..,..,..,..
PIB per cápita (US$ a precios actuales),NY.GDP.PCAP.CD,España,ESP,13804.876786993662,14749.687424876578,28322.809249505743,29067.809460021988,29500.789432861482,25742.368834676654,26523.3482221547,28170.167864330248,30364.579943562159,29554.49051700874,27056.421751216552,..
PIB per cápita (US$ a precios actuales),NY.GDP.PCAP.CD,Sri Lanka,LKA,463.61873884155671,869.69628503104309,3350.5218758928913,3610.2893630489775,3819.2535297226459,3843.780671844419,3886.2915016523889,4077.0438408748769,4059.2082298494656,3852.2656028741512,3680.6734766174536,..
PIB per cápita (US$ a precios actuales),NY.GDP.PCAP.CD,Saint Kitts y Nevis,KNA,5396.4048499567625,9565.9499091241069,16046.486935202078,16685.947591209075,18051.179034714562,18028.973430895156,19541.127832979309,20384.747881096562,20567.499113591639,22046.689912079622,18437.748923536259,..
PIB per cápita (US$ a precios actuales),NY.GDP.PCAP.CD,Santa Lucía,LCA,4199.6364966390829,5950.0474845926137,9086.387954859656,9378.9850468479235,9843.3085342404665,10093.618016361706,10362.351658877755,11034.629849655685,11353.7152084186,11591.080475699857,8804.5610483133951,..
PIB per cápita (US$ a precios actuales),NY.GDP.PCAP.CD,Isla de San Martín (parte francesa),MAF,..,..,..,..,..,..,..,..,..,..,..,..
PIB per cápita (US$ a precios actuales),NY.GDP.PCAP.CD,San Vicente y las Granadinas,VCT,2236.19781248934,3676.3520922092921,6390.3106315611494,6639.4848965919819,6684.3775472573652,6921.7024785815729,7074.5487647385025,7213.0258570627875,7361.4009618001992,7460.1533617927053,7278.016296736947,..
PIB per cápita (US$ a precios actuales),NY.GDP.PCAP.CD,Sudán,SDN,483.952610882609,366.172741960491,1039.76205101829,1160.53555203281,1303.83895504606,1329.63596169544,1069.83995681729,1011.5212160524,740.746767001408,610.927861513165,486.418816281925,..
PIB per cápita (US$ a precios actuales),NY.GDP.PCAP.CD,Suriname,SUR,958.61233213794742,2012.2816506781478,9200.9747860034331,9402.1644191114046,9471.9220005242587,9168.23715664009,5872.7894286616593,6295.5605617357787,6938.08698147294,6853.6934107798834,4916.6056663791778,..
PIB per cápita (US$ a precios actuales),NY.GDP.PCAP.CD,Suecia,SWE,30593.672444776061,29624.91267486176,58037.821319217262,61126.943196397886,60020.3604576572,51545.483609532152,51965.157153198517,53791.50872984028,54589.060386060613,51939.429744529123,52274.408786879772,..
PIB per cápita (US$ a precios actuales),NY.GDP.PCAP.CD,Suiza,CHE,39607.8190856429,38952.03420055718,86547.670890726542,88109.486752403711,89684.7075795936,84776.142165974787,83073.2800824812,83352.088653341154,86388.404952718367,85334.519462090931,87100.414821375118,..
PIB per cápita (US$ a precios actuales),NY.GDP.PCAP.CD,República Árabe Siria,SYR,1920.6312245194065,4910.7777478953358,2094.4080971798853,1039.1753097940721,1135.1252444700053,916.3580330644478,707.50526672362173,942.51891586570628,1268.2358486405403,1334.3705933329343,..,..
PIB per cápita (US$ a precios actuales),NY.GDP.PCAP.CD,Tayikistán,TJK,497.63245735304048,138.42914673575879,969.29610388089372,1048.2256018262412,1104.1723583794094,978.40498118060532,807.10258610434039,848.67237990323906,853.218873401321,890.54440235573281,859.13796112136777,..
PIB per cápita (US$ a precios actuales),NY.GDP.PCAP.CD,Tanzanía,TZA,173.79061790875,410.952365470373,867.857498923481,970.399601430411,1030.0776484553,947.933351658407,966.503016569611,1004.90658838695,1042.8387560513,1085.88486002476,1076.46970642052,..
PIB per cápita (US$ a precios actuales),NY.GDP.PCAP.CD,Tailandia,THA,1508.9424699104297,2007.7352707451951,5860.5814705347484,6168.261355699442,5951.8834865400768,5840.0530668779757,5993.305516100454,6593.8183515713818,7296.879607723391,7817.0096711891811,7186.8740920652535,..
PIB per cápita (US$ a precios actuales),NY.GDP.PCAP.CD,Timor-Leste,TLS,..,415.08594857785124,1024.1725080803035,1210.0356545806426,1232.4503356373364,1332.7918555137783,1353.7549342280624,1299.4946350723098,1249.1383505195292,1583.7135764662212,1442.7307382501467,..
PIB per cápita (US$ a precios actuales),NY.GDP.PCAP.CD,Togo,TGO,431.45038839385558,302.95859195141622,571.80672394416661,621.398853574683,640.93421962882735,570.90996717530766,803.15189340410018,830.74527665143751,901.5230168989367,893.35245412167478,914.95079245321222,..
PIB per cápita (US$ a precios actuales),NY.GDP.PCAP.CD,Tonga,TON,1194.541034168908,2091.1130090471434,4581.7832446927159,4428.1465213085485,4354.24436028041,4336.239602726544,4157.8772487609485,4513.4325306349019,4740.7002722447605,4903.0121383544929,4624.8234488284388,..
PIB per cápita (US$ a precios actuales),NY.GDP.PCAP.CD,Trinidad y Tobago,TTO,4150.2848612054,6435.13421201268,19157.459772879451,20143.545406065918,20270.933769026971,18214.460619356003,16250.62868799281,16173.740050202325,17037.862356189715,16637.162938769739,15425.635109478506,..
PIB per cápita (US$ a precios actuales),NY.GDP.PCAP.CD,Túnez,TUN,1491.1197769778817,2211.835015478699,4361.6877355123561,4444.81651141181,4544.0166323039784,4094.8362874451777,3924.363345916533,3687.7774608550312,3680.89259713943,3574.6540241845405,3521.5919480863881,..
PIB per cápita (US$ a precios actuales),NY.GDP.PCAP.CD,Turquía,TUR,2794.3504938064148,4337.4780029635431,11795.633456757056,12614.781610038588,12157.990433782299,11006.279523964891,10894.603377927504,10589.667724687044,9454.34844272271,9121.5151667370828,8536.4333196063162,..
PIB per cápita (US$ a precios actuales),NY.GDP.PCAP.CD,Turkmenistán,TKM,865.78683187463287,643.17543807893151,6675.17805486958,7304.2857711888109,7962.2449248006133,6432.6853253849422,6387.6825752725445,6587.092604397877,6967.3750425880617,7612.0351800945209,..,..
PIB per cápita (US$ a precios actuales),NY.GDP.PCAP.CD,Islas Turcas y Caicos,TCA,..,..,21345.02597821939,21715.313966544785,23778.519125837549,26183.885044053477,28241.479293177963,27545.128785429464,29553.136697905327,31350.86662826622,23879.926649103774,..
PIB per cápita (US$ a precios actuales),NY.GDP.PCAP.CD,Tuvalu,TUV,990.39817510923069,1463.1662106146468,3506.3081435735053,3457.3762661098071,3398.3967498045049,3197.7722519439362,3253.8995355862735,3574.0652875180422,3701.7092545069286,4055.8956095973822,4143.1097526301091,..
PIB per cápita (US$ a precios actuales),NY.GDP.PCAP.CD,Uganda,UGA,248.02932432289802,261.86914164496204,790.13145058348266,810.09039501389088,883.52874449912463,847.2676289346565,736.55984741213308,746.83075292835076,770.60078434329239,798.58573413395914,822.0276815316663,..
PIB per cápita (US$ a precios actuales),NY.GDP.PCAP.CD,Ucrania,UKR,1568.5361217133,658.344586592525,4004.8043959692,4187.73984489895,3104.64320609541,2124.6623187838,2187.73050991433,2638.3260548504,3096.56169661923,3661.45620430228,3724.93843689756,..
PIB per cápita (US$ a precios actuales),NY.GDP.PCAP.CD,Emiratos Árabes Unidos,ARE,27729.390593330518,33291.36625418382,40976.490746401527,42412.639500270445,43751.8056478669,38663.400502660457,38141.867131345127,40644.791190177173,43839.324486690311,42701.443045478234,36284.555242955234,..
PIB per cápita (US$ a precios actuales),NY.GDP.PCAP.CD,Reino Unido,GBR,19095.466998460779,28223.067570651478,42686.800052492596,43713.81412423079,47787.241298488429,45404.567773472154,41499.555703307269,40857.755582962665,43646.951971149349,43070.498359588775,41059.168809054696,..
PIB per cápita (US$ a precios actuales),NY.GDP.PCAP.CD,Estados Unidos,USA,23888.60000881329,36334.908777058896,51602.9310457907,53106.536767216508,55049.988327231222,56863.371495765183,58021.400499712516,60109.655726047662,63064.4184096731,65279.529026095282,63206.521076794081,..
PIB per cápita (US$ a precios actuales),NY.GDP.PCAP.CD,Uruguay,URY,2990.3671327391467,6875.0254694637242,15171.580173422677,16973.689236471815,16831.948194372064,15613.745968182426,16715.633474625283,18690.893840141114,18703.860292447818,17688.015007689984,15438.411665729105,..
PIB per cápita (US$ a precios actuales),NY.GDP.PCAP.CD,Uzbekistán,UZB,651.41920613736306,558.22680237700013,2267.6232753551167,2419.7187034548433,2628.4600075793574,2753.9710721994866,2704.6771879816811,1916.7646424677932,1597.0683366108963,1784.0098160819514,1750.6971132129054,..
PIB per cápita (US$ a precios actuales),NY.GDP.PCAP.CD,Vanuatu,VUT,1152.1692460798108,1470.6358699574291,2997.2934319816954,2954.7745112565194,2926.6799599293154,2695.6661859797309,2805.6653201640415,3082.4750830946582,3125.4049991895217,3116.2977591252861,2870.0893002891426,..
PIB per cápita (US$ a precios actuales),NY.GDP.PCAP.CD,Venezuela,VEN,2475.3804725457285,4842.0366011482247,12986.222692149218,12457.76860176658,16055.645317382641,..,..,..,..,..,..,..
PIB per cápita (US$ a precios actuales),NY.GDP.PCAP.CD,Viet Nam,VNM,95.18825998128429,390.09333093426619,1735.1521160079756,1886.6901700250137,2030.2784467369122,2085.10134910739,2192.1744824754542,2365.5216150611423,2566.4474870062982,2715.2759801099546,2785.7241608760319,..
PIB per cápita (US$ a precios actuales),NY.GDP.PCAP.CD,Islas Vírgenes (EE.UU.),VIR,..,..,37795.319259067546,34597.976694032819,33045.364379599931,34007.352941176468,35324.974887458608,35365.069303977405,36448.257492920624,38136.665760436488,..,..
PIB per cápita (US$ a precios actuales),NY.GDP.PCAP.CD,Ribera Occidental y Gaza,PSE,..,1476.1718500023783,3067.4387273561442,3315.2975390928173,3352.1125950604278,3272.1543236070793,3527.6138241317785,3620.3604871593707,3562.3309427025574,3656.8582713701089,3239.73110812657,..
PIB per cápita (US$ a precios actuales),NY.GDP.PCAP.CD,"Yemen, Rep. del",YEM,482.24812111299815,554.44866527605359,1446.5364717289856,1607.1521732589838,1674.0025716637192,1601.830062811621,1152.720965770696,964.26481054118915,758.14524156942343,..,..,..
PIB per cápita (US$ a precios actuales),NY.GDP.PCAP.CD,Zambia,ZMB,408.76933127701511,345.68962074986064,1763.0694424990347,1878.3468105066079,1762.4278169247377,1338.2909270818832,1280.8065425760392,1535.1965739819809,1516.36837125728,1305.001030804026,985.1324360388694,..
PIB per cápita (US$ a precios actuales),NY.GDP.PCAP.CD,Zimbabwe,ZWE,841.97395826793218,563.05750410596931,1304.9680106569892,1429.998461466784,1434.8962773180556,1445.0697021319843,1464.5889571584091,1235.1890319206368,1254.6422649443412,1316.7406569287105,1214.5098202353445,..
,,,,,,,,,,,,,,,
,,,,,,,,,,,,,,,
,,,,,,,,,,,,,,,
Data from Database: Indicadores del desarrollo mundial,,,,,,,,,,,,,,,
Last Updated: 05/25/2022,,,,,,,,,,,,,,,
